"","Country","Date","Total_Vaccinations","Total_Vaccinated","Total_Fully_Vaccinated","Source_url"
"1","ARE","2021-01-05",826301,NA,NA,"https://fcsc.gov.ae/en-us/Pages/Covid19/UAE-Covid-19-Updates.aspx"
"2","ARE","2021-01-06",826301,NA,NA,"https://fcsc.gov.ae/en-us/Pages/Covid19/UAE-Covid-19-Updates.aspx"
"3","ARE","2021-01-07",887697,NA,NA,"https://fcsc.gov.ae/en-us/Pages/Covid19/UAE-Covid-19-Updates.aspx"
"4","ARE","2021-01-08",941556,NA,NA,"https://fcsc.gov.ae/en-us/Pages/Covid19/UAE-Covid-19-Updates.aspx"
"5","ARE","2021-01-09",1020349,NA,NA,"https://fcsc.gov.ae/en-us/Pages/Covid19/UAE-Covid-19-Updates.aspx"
"6","ARE","2021-01-10",1086568,836568,250000,"https://twitter.com/NCEMAUAE/status/1348238179673976832"
"7","ARE","2021-01-11",1167251,NA,NA,"https://fcsc.gov.ae/en-us/Pages/Covid19/UAE-Covid-19-Updates.aspx"
"8","ARE","2021-01-12",1275652,NA,NA,"https://fcsc.gov.ae/en-us/Pages/Covid19/UAE-Covid-19-Updates.aspx"
"9","ARE","2021-01-13",1394580,NA,NA,"https://fcsc.gov.ae/en-us/Pages/Covid19/UAE-Covid-19-Updates.aspx"
"10","ARE","2021-01-14",1527833,NA,NA,"https://fcsc.gov.ae/en-us/Pages/Covid19/UAE-Covid-19-Updates.aspx"
"11","ARE","2021-01-15",1665987,NA,NA,"https://fcsc.gov.ae/en-us/Pages/Covid19/UAE-Covid-19-Updates.aspx"
"12","ARE","2021-01-16",1797926,NA,NA,"https://fcsc.gov.ae/en-us/Pages/Covid19/UAE-Covid-19-Updates.aspx"
"13","ARE","2021-01-17",1882778,NA,NA,"https://fcsc.gov.ae/en-us/Pages/Covid19/UAE-Covid-19-Updates.aspx"
"14","ARE","2021-01-18",1971521,NA,NA,"https://fcsc.gov.ae/en-us/Pages/Covid19/UAE-Covid-19-Updates.aspx"
"15","ARE","2021-01-19",2065367,NA,NA,"https://fcsc.gov.ae/en-us/Pages/Covid19/UAE-Covid-19-Updates.aspx"
"16","ARE","2021-01-20",2161150,NA,NA,"https://fcsc.gov.ae/en-us/Pages/Covid19/UAE-Covid-19-Updates.aspx"
"17","ARE","2021-01-21",2246069,NA,NA,"https://fcsc.gov.ae/en-us/Pages/Covid19/UAE-Covid-19-Updates.aspx"
"18","ARE","2021-01-22",2339073,NA,NA,"https://fcsc.gov.ae/en-us/Pages/Covid19/UAE-Covid-19-Updates.aspx"
"19","ARE","2021-01-23",2426793,NA,NA,"https://fcsc.gov.ae/en-us/Pages/Covid19/UAE-Covid-19-Updates.aspx"
"20","ARE","2021-01-24",2487784,NA,NA,"https://fcsc.gov.ae/en-us/Pages/Covid19/UAE-Covid-19-Updates.aspx"
"21","ARE","2021-01-25",2571086,NA,NA,"https://fcsc.gov.ae/en-us/Pages/Covid19/UAE-Covid-19-Updates.aspx"
"22","ARE","2021-01-26",2677675,NA,NA,"https://fcsc.gov.ae/en-us/Pages/Covid19/UAE-Covid-19-Updates.aspx"
"23","ARE","2021-01-27",2764445,NA,NA,"https://fcsc.gov.ae/en-us/Pages/Covid19/UAE-Covid-19-Updates.aspx"
"24","ARE","2021-01-28",2868645,NA,NA,"https://fcsc.gov.ae/en-us/Pages/Covid19/UAE-Covid-19-Updates.aspx"
"25","ARE","2021-01-29",3006601,NA,NA,"https://fcsc.gov.ae/en-us/Pages/Covid19/UAE-Covid-19-Updates.aspx"
"26","ARE","2021-01-30",3114162,NA,NA,"https://fcsc.gov.ae/en-us/Pages/Covid19/UAE-Covid-19-Updates.aspx"
"27","ARE","2021-01-31",3334162,NA,NA,"https://fcsc.gov.ae/en-us/Pages/Covid19/UAE-Covid-19-Updates.aspx"
"28","ARE","2021-02-01",3440777,NA,NA,"https://fcsc.gov.ae/en-us/Pages/Covid19/UAE-Covid-19-Updates.aspx"
"29","ARE","2021-02-02",3564517,NA,NA,"https://fcsc.gov.ae/en-us/Pages/Covid19/UAE-Covid-19-Updates.aspx"
"30","ARE","2021-02-03",3691591,NA,NA,"https://fcsc.gov.ae/en-us/Pages/Covid19/UAE-Covid-19-Updates.aspx"
"31","ARE","2021-02-04",3849374,NA,NA,"https://fcsc.gov.ae/en-us/Pages/Covid19/UAE-Covid-19-Updates.aspx"
"32","ARE","2021-02-05",4008160,NA,NA,"https://fcsc.gov.ae/en-us/Pages/Covid19/UAE-Covid-19-Updates.aspx"
"33","ARE","2021-02-06",4201347,NA,NA,"https://fcsc.gov.ae/en-us/Pages/Covid19/UAE-Covid-19-Updates.aspx"
"34","ARE","2021-02-07",4313868,NA,NA,"https://fcsc.gov.ae/en-us/Pages/Covid19/UAE-Covid-19-Updates.aspx"
"35","ARE","2021-02-08",4413649,NA,NA,"https://fcsc.gov.ae/en-us/Pages/Covid19/UAE-Covid-19-Updates.aspx"
"36","ARE","2021-02-09",4527144,NA,NA,"https://fcsc.gov.ae/en-us/Pages/Covid19/UAE-Covid-19-Updates.aspx"
"37","ARE","2021-02-10",4684658,NA,NA,"https://fcsc.gov.ae/en-us/Pages/Covid19/UAE-Covid-19-Updates.aspx"
"38","ARE","2021-02-11",4792208,NA,NA,"https://fcsc.gov.ae/en-us/Pages/Covid19/UAE-Covid-19-Updates.aspx"
"39","ARE","2021-02-12",4901795,NA,NA,"https://fcsc.gov.ae/en-us/Pages/Covid19/UAE-Covid-19-Updates.aspx"
"40","ARE","2021-02-13",5005264,NA,NA,"https://fcsc.gov.ae/en-us/Pages/Covid19/UAE-Covid-19-Updates.aspx"
"41","ARE","2021-02-14",5055231,NA,NA,"https://fcsc.gov.ae/en-us/Pages/Covid19/UAE-Covid-19-Updates.aspx"
"42","ARE","2021-02-15",5086835,NA,NA,"https://fcsc.gov.ae/en-us/Pages/Covid19/UAE-Covid-19-Updates.aspx"
"43","ARE","2021-02-16",5198725,NA,NA,"https://fcsc.gov.ae/en-us/Pages/Covid19/UAE-Covid-19-Updates.aspx"
"44","ARE","2021-02-17",5284406,NA,NA,"https://fcsc.gov.ae/en-us/Pages/Covid19/UAE-Covid-19-Updates.aspx"
"45","ARE","2021-02-18",5373730,NA,NA,"https://fcsc.gov.ae/en-us/Pages/Covid19/UAE-Covid-19-Updates.aspx"
"46","ARE","2021-02-19",5466831,NA,NA,"https://fcsc.gov.ae/en-us/Pages/Covid19/UAE-Covid-19-Updates.aspx"
"47","ARE","2021-02-20",5553391,NA,NA,"https://fcsc.gov.ae/en-us/Pages/Covid19/UAE-Covid-19-Updates.aspx"
"48","ARE","2021-02-21",5554342,NA,NA,"https://fcsc.gov.ae/en-us/Pages/Covid19/UAE-Covid-19-Updates.aspx"
"49","ARE","2021-02-22",5557793,NA,NA,"https://fcsc.gov.ae/en-us/Pages/Covid19/UAE-Covid-19-Updates.aspx"
"50","ARE","2021-02-23",5668264,3480415,2187849,"https://twitter.com/NCEMAUAE/status/1364216211182026752"
"51","ARE","2021-02-24",5761463,NA,NA,"https://fcsc.gov.ae/en-us/Pages/Covid19/UAE-Covid-19-Updates.aspx"
"52","ARE","2021-02-25",5846036,NA,NA,"https://fcsc.gov.ae/en-us/Pages/Covid19/UAE-Covid-19-Updates.aspx"
"53","ARE","2021-02-26",5933299,NA,NA,"https://fcsc.gov.ae/en-us/Pages/Covid19/UAE-Covid-19-Updates.aspx"
"54","ARE","2021-02-27",6015089,NA,NA,"https://fcsc.gov.ae/en-us/Pages/Covid19/UAE-Covid-19-Updates.aspx"
"55","ARE","2021-02-28",6020461,NA,NA,"https://fcsc.gov.ae/en-us/Pages/Covid19/UAE-Covid-19-Updates.aspx"
"56","ARE","2021-03-01",6028417,NA,NA,"https://fcsc.gov.ae/en-us/Pages/Covid19/UAE-Covid-19-Updates.aspx"
"57","ARE","2021-03-02",6094956,NA,NA,"https://fcsc.gov.ae/en-us/Pages/Covid19/UAE-Covid-19-Updates.aspx"
"58","ARE","2021-03-03",6168330,NA,NA,"https://fcsc.gov.ae/en-us/Pages/Covid19/UAE-Covid-19-Updates.aspx"
"59","ARE","2021-03-04",6204004,NA,NA,"https://fcsc.gov.ae/en-us/Pages/Covid19/UAE-Covid-19-Updates.aspx"
"60","ARE","2021-03-05",6235316,NA,NA,"https://fcsc.gov.ae/en-us/Pages/Covid19/UAE-Covid-19-Updates.aspx"
"61","ARE","2021-03-06",6265860,NA,NA,"https://fcsc.gov.ae/en-us/Pages/Covid19/UAE-Covid-19-Updates.aspx"
"62","ARE","2021-03-07",6273009,NA,NA,"https://fcsc.gov.ae/en-us/Pages/Covid19/UAE-Covid-19-Updates.aspx"
"63","ARE","2021-03-08",6287751,NA,NA,"https://fcsc.gov.ae/en-us/Pages/Covid19/UAE-Covid-19-Updates.aspx"
"64","ARE","2021-03-09",6325211,NA,NA,"https://fcsc.gov.ae/en-us/Pages/Covid19/UAE-Covid-19-Updates.aspx"
"65","ARE","2021-03-10",6367861,NA,NA,"https://fcsc.gov.ae/en-us/Pages/Covid19/UAE-Covid-19-Updates.aspx"
"66","ARE","2021-03-11",6407350,NA,NA,"https://fcsc.gov.ae/en-us/Pages/Covid19/UAE-Covid-19-Updates.aspx"
"67","ARE","2021-03-12",6462887,NA,NA,"https://fcsc.gov.ae/en-us/Pages/Covid19/UAE-Covid-19-Updates.aspx"
"68","ARE","2021-03-13",6516723,NA,NA,"http://covid19.ncema.gov.ae/en"
"69","ARE","2021-03-14",6540912,NA,NA,"http://covid19.ncema.gov.ae/en"
"70","ARE","2021-03-15",6578881,NA,NA,"http://covid19.ncema.gov.ae/en"
"71","ARE","2021-03-16",6668627,NA,NA,"http://covid19.ncema.gov.ae/en"
"72","ARE","2021-03-17",6830369,NA,NA,"http://covid19.ncema.gov.ae/en"
"73","ARE","2021-03-18",6980466,NA,NA,"http://covid19.ncema.gov.ae/en"
"74","ARE","2021-03-19",7124146,NA,NA,"http://covid19.ncema.gov.ae/en"
"75","ARE","2021-03-20",7181056,NA,NA,"http://covid19.ncema.gov.ae/en"
"76","ARE","2021-03-21",7298768,NA,NA,"http://covid19.ncema.gov.ae/en"
"77","ARE","2021-03-22",7374725,NA,NA,"http://covid19.ncema.gov.ae/en"
"78","ARE","2021-03-23",7477881,NA,NA,"http://covid19.ncema.gov.ae/en"
"79","ARE","2021-03-24",7603328,NA,NA,"http://covid19.ncema.gov.ae/en"
"80","ARE","2021-03-25",7730375,NA,NA,"http://covid19.ncema.gov.ae/en"
"81","ARE","2021-03-26",7799517,NA,NA,"http://covid19.ncema.gov.ae/en"
"82","ARE","2021-03-27",7959682,NA,NA,"http://covid19.ncema.gov.ae/en"
"83","ARE","2021-03-28",8081751,NA,NA,"http://covid19.ncema.gov.ae/en"
"84","ARE","2021-03-29",8133841,NA,NA,"http://covid19.ncema.gov.ae/en"
"85","ARE","2021-03-30",8220783,NA,NA,"http://covid19.ncema.gov.ae/en"
"86","ARE","2021-03-31",8308469,NA,NA,"http://covid19.ncema.gov.ae/en"
"87","ARE","2021-04-01",8391302,NA,NA,"http://covid19.ncema.gov.ae/en"
"88","ARE","2021-04-02",8491382,NA,NA,"http://covid19.ncema.gov.ae/en"
"89","ARE","2021-04-03",8559291,NA,NA,"http://covid19.ncema.gov.ae/en"
"90","ARE","2021-04-04",8578979,NA,NA,"http://covid19.ncema.gov.ae/en"
"91","ARE","2021-04-05",8596722,NA,NA,"http://covid19.ncema.gov.ae/en"
"92","ARE","2021-04-06",8659503,NA,NA,"http://covid19.ncema.gov.ae/en"
"93","ARE","2021-04-07",8707073,NA,NA,"http://covid19.ncema.gov.ae/en"
"94","ARE","2021-04-08",8889571,NA,NA,"http://covid19.ncema.gov.ae/en"
"95","ARE","2021-04-09",8923543,NA,NA,"http://covid19.ncema.gov.ae/en"
"96","ARE","2021-04-10",8975014,NA,NA,"http://covid19.ncema.gov.ae/en"
"97","ARE","2021-04-11",9005444,NA,NA,"http://covid19.ncema.gov.ae/en"
"98","ARE","2021-04-12",9037923,NA,NA,"http://covid19.ncema.gov.ae/en"
"99","ARE","2021-04-13",9156728,NA,NA,"http://covid19.ncema.gov.ae/en"
"100","ARE","2021-04-14",9295462,NA,NA,"http://covid19.ncema.gov.ae/en"
"101","ARE","2021-04-15",9387344,NA,NA,"http://covid19.ncema.gov.ae/en"
"102","ARE","2021-04-16",9489684,NA,NA,"http://covid19.ncema.gov.ae/en"
"103","ARE","2021-04-17",9601463,NA,NA,"http://covid19.ncema.gov.ae/en"
"104","ARE","2021-04-18",9630200,NA,NA,"http://covid19.ncema.gov.ae/en"
"105","ARE","2021-04-19",9675205,NA,NA,"http://covid19.ncema.gov.ae/en"
"106","ARE","2021-04-20",NA,5081853,3836521,"https://twitter.com/NCEMAUAE/status/1384577143439609858"
"107","ARE","2021-04-21",9900002,NA,NA,"http://covid19.ncema.gov.ae/en"
"108","BHR","2020-12-23",38965,38965,NA,"https://twitter.com/MOH_Bahrain/status/1341855276744491009"
"109","BHR","2020-12-24",50071,50071,NA,"https://twitter.com/MOH_Bahrain/status/1342189663688290306"
"110","BHR","2020-12-25",50543,50543,NA,"https://twitter.com/MOH_Bahrain/status/1342560182287667200"
"111","BHR","2020-12-26",51556,51556,NA,"https://twitter.com/MOH_Bahrain/status/1342912135828021248"
"112","BHR","2020-12-27",53614,53614,NA,"https://twitter.com/MOH_Bahrain/status/1343274904259596290"
"113","BHR","2020-12-28",55014,55014,NA,"https://twitter.com/MOH_Bahrain/status/1343640133376077827"
"114","BHR","2020-12-29",56041,56041,NA,"https://twitter.com/MOH_Bahrain/status/1343999609442627588"
"115","BHR","2020-12-30",57317,57317,NA,"https://twitter.com/MOH_Bahrain/status/1344362014995607559"
"116","BHR","2020-12-31",58643,58643,NA,"https://twitter.com/MOH_Bahrain/status/1344726256521261064"
"117","BHR","2021-01-01",59351,59351,NA,"https://twitter.com/MOH_Bahrain/status/1345086925414277123"
"118","BHR","2021-01-02",60097,60097,NA,"https://twitter.com/MOH_Bahrain/status/1345450650495307778"
"119","BHR","2021-01-03",60689,60689,NA,"https://twitter.com/MOH_Bahrain/status/1345812985516859395"
"120","BHR","2021-01-04",61612,61612,NA,"https://twitter.com/MOH_Bahrain/status/1346173998024040451"
"121","BHR","2021-01-05",63893,63893,NA,"https://twitter.com/MOH_Bahrain/status/1346544909399044096"
"122","BHR","2021-01-06",68472,68472,NA,"https://twitter.com/MOH_Bahrain/status/1346919458615554056"
"123","BHR","2021-01-07",72239,72239,NA,"https://twitter.com/MOH_Bahrain/status/1347269708467339264"
"124","BHR","2021-01-08",78291,78291,NA,"https://twitter.com/MOH_Bahrain/status/1347636465635905538"
"125","BHR","2021-01-09",84157,84157,NA,"https://twitter.com/MOH_Bahrain/status/1347998432615608325"
"126","BHR","2021-01-10",89250,89250,NA,"https://twitter.com/MOH_Bahrain/status/1348359483832086536"
"127","BHR","2021-01-11",92598,92598,NA,"https://twitter.com/MOH_Bahrain/status/1348718836925792262"
"128","BHR","2021-01-12",97776,97776,NA,"https://twitter.com/MOH_Bahrain/status/1349090704123949062"
"129","BHR","2021-01-13",NA,101363,NA,"https://twitter.com/MOH_Bahrain/status/1349446081852166146"
"130","BHR","2021-01-14",NA,109566,NA,"https://twitter.com/MOH_Bahrain/status/1349809013605748747"
"131","BHR","2021-01-15",NA,122819,NA,"https://twitter.com/MOH_Bahrain/status/1350171911695847427"
"132","BHR","2021-01-16",NA,137159,NA,"https://twitter.com/MOH_Bahrain/status/1350548905268801538"
"133","BHR","2021-01-17",NA,141563,NA,"https://twitter.com/MOH_Bahrain/status/1350896163348738050"
"134","BHR","2021-01-18",NA,142831,NA,"https://twitter.com/MOH_Bahrain/status/1351261870158700550"
"135","BHR","2021-01-19",NA,143596,NA,"https://twitter.com/MOH_Bahrain/status/1351630070599839745"
"136","BHR","2021-01-20",NA,144130,NA,"https://twitter.com/MOH_Bahrain/status/1352360527457091592"
"137","BHR","2021-01-26",NA,165953,NA,"https://twitter.com/MOH_Bahrain/status/1354172421448884226"
"138","BHR","2021-01-27",NA,167731,NA,"https://twitter.com/MOH_Bahrain/status/1354534759129440261"
"139","BHR","2021-01-28",NA,169440,NA,"https://twitter.com/MOH_Bahrain/status/1354897121137319936"
"140","BHR","2021-01-29",NA,169810,NA,"https://twitter.com/MOH_Bahrain/status/1355259668025782275"
"141","BHR","2021-01-30",NA,170433,NA,"https://twitter.com/MOH_Bahrain/status/1355621933505802245"
"142","BHR","2021-01-31",NA,171568,NA,"https://twitter.com/MOH_Bahrain/status/1355984300009795584"
"143","BHR","2021-02-01",NA,172912,NA,"https://twitter.com/MOH_Bahrain/status/1356346713984954368"
"144","BHR","2021-02-02",NA,174075,NA,"https://twitter.com/MOH_Bahrain/status/1356709170318372864"
"145","BHR","2021-02-03",NA,175094,NA,"https://twitter.com/MOH_Bahrain/status/1357071460129517568"
"146","BHR","2021-02-04",NA,177233,NA,"https://twitter.com/MOH_Bahrain/status/1357433853447729159"
"147","BHR","2021-02-05",NA,179550,NA,"https://twitter.com/MOH_Bahrain/status/1357796230684942341"
"148","BHR","2021-02-06",NA,182543,NA,"https://twitter.com/MOH_Bahrain/status/1358158619880079360"
"149","BHR","2021-02-07",NA,191406,NA,"https://twitter.com/MOH_Bahrain/status/1358521021045878800"
"150","BHR","2021-02-08",NA,201116,NA,"https://twitter.com/MOH_Bahrain/status/1358883639925354496"
"151","BHR","2021-02-09",NA,212940,NA,"https://twitter.com/MOH_Bahrain/status/1359245782092767236"
"152","BHR","2021-02-10",NA,219595,NA,"https://twitter.com/MOH_Bahrain/status/1359608515564871683"
"153","BHR","2021-02-11",NA,224919,NA,"https://twitter.com/MOH_Bahrain/status/1359970657468116996"
"154","BHR","2021-02-12",NA,232540,NA,"https://twitter.com/MOH_Bahrain/status/1360333937541799942"
"155","BHR","2021-02-13",NA,242260,NA,"https://twitter.com/MOH_Bahrain/status/1360697328559140875"
"156","BHR","2021-02-14",NA,248775,NA,"https://twitter.com/MOH_Bahrain/status/1361057740689461248"
"157","BHR","2021-02-15",NA,250946,NA,"https://twitter.com/MOH_Bahrain/status/1361420363603734533"
"158","BHR","2021-02-16",NA,252990,NA,"https://twitter.com/MOH_Bahrain/status/1361785294136180736"
"159","BHR","2021-02-17",NA,257580,NA,"https://twitter.com/MOH_Bahrain/status/1362144927535267841"
"160","BHR","2021-02-18",NA,263422,NA,"https://twitter.com/MOH_Bahrain/status/1362507467976970242"
"161","BHR","2021-02-19",NA,268273,NA,"https://twitter.com/MOH_Bahrain/status/1362869649663266817"
"162","BHR","2021-02-20",NA,271749,NA,"https://twitter.com/MOH_Bahrain/status/1363232040737533961"
"163","BHR","2021-02-21",NA,274960,NA,"https://twitter.com/MOH_Bahrain/status/1363594441639030787"
"164","BHR","2021-02-22",NA,278222,NA,"https://twitter.com/MOH_Bahrain/status/1363959177241124871"
"165","BHR","2021-02-23",NA,281425,NA,"https://twitter.com/MOH_Bahrain/status/1364319305555468288"
"166","BHR","2021-02-24",NA,284948,NA,"https://twitter.com/MOH_Bahrain/status/1364681672755736580"
"167","BHR","2021-02-25",NA,290103,NA,"https://twitter.com/MOH_Bahrain/status/1365044024827129860"
"168","BHR","2021-02-26",NA,292917,NA,"https://twitter.com/MOH_Bahrain/status/1365406359714414597"
"169","BHR","2021-02-27",NA,295296,NA,"https://twitter.com/MOH_Bahrain/status/1365770009713197056"
"170","BHR","2021-02-28",NA,298171,NA,"https://twitter.com/MOH_Bahrain/status/1366131147823075332"
"171","BHR","2021-03-01",NA,301103,NA,"https://twitter.com/MOH_Bahrain/status/1366495113195773955"
"172","BHR","2021-03-02",NA,302671,NA,"https://twitter.com/MOH_Bahrain/status/1366856063992160265"
"173","BHR","2021-03-03",NA,303962,NA,"https://twitter.com/MOH_Bahrain/status/1367218322799030277"
"174","BHR","2021-03-04",NA,305619,NA,"https://twitter.com/MOH_Bahrain/status/1367580708538097667"
"175","BHR","2021-03-05",NA,307142,NA,"https://twitter.com/MOH_Bahrain/status/1367943100207882248"
"176","BHR","2021-03-06",506519,307145,199374,"https://twitter.com/MOH_Bahrain/status/1368305486689402880"
"177","BHR","2021-03-07",509907,308465,201442,"https://twitter.com/MOH_Bahrain/status/1368667925461229568"
"178","BHR","2021-03-08",512420,309741,202679,"https://twitter.com/MOH_Bahrain/status/1369030241944023043"
"179","BHR","2021-03-09",514559,310644,203915,"https://twitter.com/MOH_Bahrain/status/1369392653306130433"
"180","BHR","2021-03-10",517901,311829,206072,"https://twitter.com/MOH_Bahrain/status/1369755048167759876"
"181","BHR","2021-03-11",520429,312104,208325,"https://healthalert.gov.bh/en/"
"182","BHR","2021-03-12",522344,312119,210225,"https://healthalert.gov.bh/en/"
"183","BHR","2021-03-13",534625,322508,212117,"https://healthalert.gov.bh/en/"
"184","BHR","2021-03-14",551197,337016,214181,"https://healthalert.gov.bh/en/"
"185","BHR","2021-03-15",566796,349970,216826,"https://healthalert.gov.bh/en/"
"186","BHR","2021-03-16",580539,361241,219298,"https://healthalert.gov.bh/en/"
"187","BHR","2021-03-17",597446,374873,222573,"https://healthalert.gov.bh/en/"
"188","BHR","2021-03-18",613946,386426,227520,"https://healthalert.gov.bh/en/"
"189","BHR","2021-03-19",626751,396356,230395,"https://healthalert.gov.bh/en/"
"190","BHR","2021-03-20",640104,407322,232782,"https://healthalert.gov.bh/en/"
"191","BHR","2021-03-21",653236,417364,235872,"https://healthalert.gov.bh/en/"
"192","BHR","2021-03-22",667155,428240,238915,"https://healthalert.gov.bh/en/"
"193","BHR","2021-03-23",680081,439433,240648,"https://healthalert.gov.bh/en/"
"194","BHR","2021-03-24",694679,452551,242128,"https://healthalert.gov.bh/en/"
"195","BHR","2021-03-25",707980,464040,243940,"https://healthalert.gov.bh/en/"
"196","BHR","2021-03-26",717408,471927,245481,"https://healthalert.gov.bh/en/"
"197","BHR","2021-03-27",724001,478094,245907,"https://healthalert.gov.bh/en/"
"198","BHR","2021-03-28",735717,487640,248077,"https://healthalert.gov.bh/en/"
"199","BHR","2021-03-29",747008,496492,250516,"https://healthalert.gov.bh/en/"
"200","BHR","2021-03-30",755549,502541,253008,"https://healthalert.gov.bh/en/"
"201","BHR","2021-03-31",766317,510877,255440,"https://healthalert.gov.bh/en/"
"202","BHR","2021-04-01",775196,517603,257593,"https://healthalert.gov.bh/en/"
"203","BHR","2021-04-02",782530,522955,259575,"https://healthalert.gov.bh/en/"
"204","BHR","2021-04-03",797924,527339,270585,"https://healthalert.gov.bh/en/"
"205","BHR","2021-04-04",817379,530415,286964,"https://healthalert.gov.bh/en/"
"206","BHR","2021-04-05",836788,534356,302432,"https://healthalert.gov.bh/en/"
"207","BHR","2021-04-06",856326,539956,316370,"https://healthalert.gov.bh/en/"
"208","BHR","2021-04-07",879825,546540,333285,"https://healthalert.gov.bh/en/"
"209","BHR","2021-04-08",900875,552084,348791,"https://healthalert.gov.bh/en/"
"210","BHR","2021-04-09",919222,557298,361924,"https://healthalert.gov.bh/en/"
"211","BHR","2021-04-10",939068,562253,376815,"https://healthalert.gov.bh/en/"
"212","BHR","2021-04-11",956471,565171,391300,"https://healthalert.gov.bh/en/"
"213","BHR","2021-04-12",973982,568892,405090,"https://healthalert.gov.bh/en/"
"214","BHR","2021-04-13",989363,573564,415799,"https://healthalert.gov.bh/en/"
"215","BHR","2021-04-14",1008746,578085,430661,"https://healthalert.gov.bh/en/"
"216","BHR","2021-04-15",1028323,582461,445862,"https://healthalert.gov.bh/en/"
"217","BHR","2021-04-16",1042463,586279,456184,"https://healthalert.gov.bh/en/"
"218","BHR","2021-04-17",1055050,591761,463289,"https://healthalert.gov.bh/en/"
"219","BHR","2021-04-18",1077488,602644,474844,"https://healthalert.gov.bh/en/"
"220","BHR","2021-04-19",1097352,612834,484518,"https://healthalert.gov.bh/en/"
"221","BHR","2021-04-20",1118519,627047,491472,"https://healthalert.gov.bh/en/"
"222","BHR","2021-04-21",1137478,637548,499930,"https://healthalert.gov.bh/en/"
"223","DZA","2021-01-29",0,NA,NA,"https://www.aps.dz/regions/116777-blida-covid-19-trente-vaccines-au-matin-du-1er-jour-de-la-campagne"
"224","DZA","2021-01-30",30,NA,NA,"https://www.aps.dz/regions/116777-blida-covid-19-trente-vaccines-au-matin-du-1er-jour-de-la-campagne"
"225","DZA","2021-02-19",75000,NA,NA,"https://www.echoroukonline.com/%d9%84%d9%82%d8%a7%d8%ad-%d9%83%d9%88%d8%b1%d9%88%d9%86%d8%a7-%d8%b9%d8%b6%d9%88-%d8%a8%d8%a7%d9%84%d9%84%d8%ac%d9%86%d8%a9-%d8%a7%d9%84%d8%b9%d9%84%d9%85%d9%8a%d8%a9-%d9%8a%d9%83%d8%b4%d9%81-%d8%b9/"
"226","EGY","2021-01-24",0,0,NA,"http://english.ahram.org.eg/NewsContent/1/64/399964/Egypt/Politics-/,-medical-staff-vaccinated-against-COVID-in-first-.aspx"
"227","EGY","2021-01-30",1315,1315,NA,"http://english.ahram.org.eg/NewsContent/1/64/399964/Egypt/Politics-/,-medical-staff-vaccinated-against-COVID-in-first-.aspx"
"228","EGY","2021-03-27",164534,NA,NA,"https://reliefweb.int/report/iran-islamic-republic/covid-19-situation-updates-week-12-21-27-march-2021"
"229","EGY","2021-04-03",NA,148987,NA,"https://www.youm7.com/story/2021/4/4/%D8%A7%D9%84%D8%B5%D8%AD%D8%A9-148-%D8%A3%D9%84%D9%81%D8%A7-%D9%88987-%D9%85%D9%88%D8%A7%D8%B7%D9%86%D8%A7-%D9%85%D9%86-%D8%A7%D9%84%D9%81%D8%A6%D8%A7%D8%AA-%D8%A7%D9%84%D9%85%D8%B3%D8%AA%D8%AD%D9%82%D8%A9-%D8%AA%D9%84%D9%82%D9%88%D8%A7-%D9%84%D9%82%D8%A7%D8%AD/5268439"
"230","IRQ","2021-03-01",0,0,0,"https://www.aa.com.tr/en/latest-on-coronavirus-outbreak/iraq-starts-coronavirus-vaccination-campaign/2162374"
"231","IRQ","2021-03-29",26727,26727,0,"https://www.facebook.com/MOH.GOV.IQ/posts/3865264086861294"
"232","IRQ","2021-04-04",93021,93021,0,"http://www.china.org.cn/world/Off_the_Wire/2021-04/05/content_77377158.htm"
"233","IRQ","2021-04-05",103006,103006,0,"https://shafaq.com/en/Iraq-News/COVID-19-6400-new-cases-and-39-mortalities-in-Iraq-today"
"234","IRQ","2021-04-12",152962,152962,0,"http://www.xinhuanet.com/english/2021-04/13/c_139876028.htm"
"235","IRQ","2021-04-16",197914,197914,0,"http://www.xinhuanet.com/english/2021-04/16/c_139883258.htm"
"236","ISR","2020-12-19",61,61,NA,"https://datadashboard.health.gov.il/COVID-19/general"
"237","ISR","2020-12-20",7434,7434,NA,"https://datadashboard.health.gov.il/COVID-19/general"
"238","ISR","2020-12-21",32313,32313,NA,"https://datadashboard.health.gov.il/COVID-19/general"
"239","ISR","2020-12-22",76930,76930,NA,"https://datadashboard.health.gov.il/COVID-19/general"
"240","ISR","2020-12-23",139755,139755,NA,"https://datadashboard.health.gov.il/COVID-19/general"
"241","ISR","2020-12-24",213061,213061,NA,"https://datadashboard.health.gov.il/COVID-19/general"
"242","ISR","2020-12-25",251502,251502,NA,"https://datadashboard.health.gov.il/COVID-19/general"
"243","ISR","2020-12-26",284057,284057,NA,"https://datadashboard.health.gov.il/COVID-19/general"
"244","ISR","2020-12-27",388360,388360,NA,"https://datadashboard.health.gov.il/COVID-19/general"
"245","ISR","2020-12-28",523091,523091,NA,"https://datadashboard.health.gov.il/COVID-19/general"
"246","ISR","2020-12-29",678933,678933,NA,"https://datadashboard.health.gov.il/COVID-19/general"
"247","ISR","2020-12-30",831543,831543,NA,"https://datadashboard.health.gov.il/COVID-19/general"
"248","ISR","2020-12-31",989582,989582,NA,"https://datadashboard.health.gov.il/COVID-19/general"
"249","ISR","2021-01-01",1060759,1060759,NA,"https://datadashboard.health.gov.il/COVID-19/general"
"250","ISR","2021-01-02",1132321,1132321,NA,"https://datadashboard.health.gov.il/COVID-19/general"
"251","ISR","2021-01-03",1281597,1281597,NA,"https://datadashboard.health.gov.il/COVID-19/general"
"252","ISR","2021-01-04",1433322,1433320,2,"https://datadashboard.health.gov.il/COVID-19/general"
"253","ISR","2021-01-05",1558037,1558035,2,"https://datadashboard.health.gov.il/COVID-19/general"
"254","ISR","2021-01-06",1660960,1660958,2,"https://datadashboard.health.gov.il/COVID-19/general"
"255","ISR","2021-01-07",1776619,1776614,5,"https://datadashboard.health.gov.il/COVID-19/general"
"256","ISR","2021-01-08",1842835,1842827,8,"https://datadashboard.health.gov.il/COVID-19/general"
"257","ISR","2021-01-09",1887273,1887243,30,"https://datadashboard.health.gov.il/COVID-19/general"
"258","ISR","2021-01-10",1930749,1924732,6017,"https://datadashboard.health.gov.il/COVID-19/general"
"259","ISR","2021-01-11",1970966,1945716,25250,"https://datadashboard.health.gov.il/COVID-19/general"
"260","ISR","2021-01-12",2030435,1969555,60880,"https://datadashboard.health.gov.il/COVID-19/general"
"261","ISR","2021-01-13",2139074,2021395,117679,"https://datadashboard.health.gov.il/COVID-19/general"
"262","ISR","2021-01-14",2264033,2077622,186411,"https://datadashboard.health.gov.il/COVID-19/general"
"263","ISR","2021-01-15",2330465,2108185,222280,"https://datadashboard.health.gov.il/COVID-19/general"
"264","ISR","2021-01-16",2385754,2137511,248243,"https://datadashboard.health.gov.il/COVID-19/general"
"265","ISR","2021-01-17",2538392,2205737,332655,"https://datadashboard.health.gov.il/COVID-19/general"
"266","ISR","2021-01-18",2728073,2275235,452838,"https://datadashboard.health.gov.il/COVID-19/general"
"267","ISR","2021-01-19",2938119,2347807,590312,"https://datadashboard.health.gov.il/COVID-19/general"
"268","ISR","2021-01-20",3157988,2424325,733663,"https://datadashboard.health.gov.il/COVID-19/general"
"269","ISR","2021-01-21",3391456,2493899,897557,"https://datadashboard.health.gov.il/COVID-19/general"
"270","ISR","2021-01-22",3500055,2531599,968456,"https://datadashboard.health.gov.il/COVID-19/general"
"271","ISR","2021-01-23",3593354,2571438,1021916,"https://datadashboard.health.gov.il/COVID-19/general"
"272","ISR","2021-01-24",3802563,2640355,1162208,"https://datadashboard.health.gov.il/COVID-19/general"
"273","ISR","2021-01-25",4022420,2721072,1301348,"https://datadashboard.health.gov.il/COVID-19/general"
"274","ISR","2021-01-26",4226901,2799547,1427354,"https://datadashboard.health.gov.il/COVID-19/general"
"275","ISR","2021-01-27",4429255,2877226,1552029,"https://datadashboard.health.gov.il/COVID-19/general"
"276","ISR","2021-01-28",4638895,2956616,1682279,"https://datadashboard.health.gov.il/COVID-19/general"
"277","ISR","2021-01-29",4740007,2993135,1746872,"https://datadashboard.health.gov.il/COVID-19/general"
"278","ISR","2021-01-30",4816938,3027411,1789527,"https://datadashboard.health.gov.il/COVID-19/general"
"279","ISR","2021-01-31",4949408,3100564,1848844,"https://datadashboard.health.gov.il/COVID-19/general"
"280","ISR","2021-02-01",5066847,3182803,1884044,"https://datadashboard.health.gov.il/COVID-19/general"
"281","ISR","2021-02-02",5167599,3252646,1914953,"https://datadashboard.health.gov.il/COVID-19/general"
"282","ISR","2021-02-03",5278898,3312698,1966200,"https://datadashboard.health.gov.il/COVID-19/general"
"283","ISR","2021-02-04",5409162,3385066,2024096,"https://datadashboard.health.gov.il/COVID-19/general"
"284","ISR","2021-02-05",5471573,3418831,2052742,"https://datadashboard.health.gov.il/COVID-19/general"
"285","ISR","2021-02-06",5515230,3440357,2074873,"https://datadashboard.health.gov.il/COVID-19/general"
"286","ISR","2021-02-07",5637679,3494287,2143392,"https://datadashboard.health.gov.il/COVID-19/general"
"287","ISR","2021-02-08",5761325,3552752,2208573,"https://datadashboard.health.gov.il/COVID-19/general"
"288","ISR","2021-02-09",5894680,3618852,2275828,"https://datadashboard.health.gov.il/COVID-19/general"
"289","ISR","2021-02-10",6036900,3689155,2347745,"https://datadashboard.health.gov.il/COVID-19/general"
"290","ISR","2021-02-11",6189280,3770029,2419251,"https://datadashboard.health.gov.il/COVID-19/general"
"291","ISR","2021-02-12",6265602,3808953,2456649,"https://datadashboard.health.gov.il/COVID-19/general"
"292","ISR","2021-02-13",6323320,3836334,2486986,"https://datadashboard.health.gov.il/COVID-19/general"
"293","ISR","2021-02-14",6466855,3911035,2555820,"https://datadashboard.health.gov.il/COVID-19/general"
"294","ISR","2021-02-15",6623637,3992348,2631289,"https://datadashboard.health.gov.il/COVID-19/general"
"295","ISR","2021-02-16",6784951,4075653,2709298,"https://datadashboard.health.gov.il/COVID-19/general"
"296","ISR","2021-02-17",6922046,4137440,2784606,"https://datadashboard.health.gov.il/COVID-19/general"
"297","ISR","2021-02-18",7070473,4206405,2864068,"https://datadashboard.health.gov.il/COVID-19/general"
"298","ISR","2021-02-19",7148010,4245962,2902048,"https://datadashboard.health.gov.il/COVID-19/general"
"299","ISR","2021-02-20",7208222,4277541,2930681,"https://datadashboard.health.gov.il/COVID-19/general"
"300","ISR","2021-02-21",7365833,4356844,3008989,"https://datadashboard.health.gov.il/COVID-19/general"
"301","ISR","2021-02-22",7531008,4441711,3089297,"https://datadashboard.health.gov.il/COVID-19/general"
"302","ISR","2021-02-23",7678379,4518894,3159485,"https://datadashboard.health.gov.il/COVID-19/general"
"303","ISR","2021-02-24",7802059,4579755,3222304,"https://datadashboard.health.gov.il/COVID-19/general"
"304","ISR","2021-02-25",7918066,4631246,3286820,"https://datadashboard.health.gov.il/COVID-19/general"
"305","ISR","2021-02-26",7975733,4657040,3318693,"https://datadashboard.health.gov.il/COVID-19/general"
"306","ISR","2021-02-27",8015106,4675297,3339809,"https://datadashboard.health.gov.il/COVID-19/general"
"307","ISR","2021-02-28",8111098,4715617,3395481,"https://datadashboard.health.gov.il/COVID-19/general"
"308","ISR","2021-03-01",8217886,4761161,3456725,"https://datadashboard.health.gov.il/COVID-19/general"
"309","ISR","2021-03-02",8323402,4802184,3521218,"https://datadashboard.health.gov.il/COVID-19/general"
"310","ISR","2021-03-03",8431940,4844214,3587726,"https://datadashboard.health.gov.il/COVID-19/general"
"311","ISR","2021-03-04",8550280,4883742,3666538,"https://datadashboard.health.gov.il/COVID-19/general"
"312","ISR","2021-03-05",8607777,4900940,3706837,"https://datadashboard.health.gov.il/COVID-19/general"
"313","ISR","2021-03-06",8643740,4911638,3732102,"https://datadashboard.health.gov.il/COVID-19/general"
"314","ISR","2021-03-07",8747376,4942645,3804731,"https://datadashboard.health.gov.il/COVID-19/general"
"315","ISR","2021-03-08",8847691,4970018,3877673,"https://datadashboard.health.gov.il/COVID-19/general"
"316","ISR","2021-03-09",8950830,4996713,3954117,"https://datadashboard.health.gov.il/COVID-19/general"
"317","ISR","2021-03-10",9032444,5019847,4012597,"https://datadashboard.health.gov.il/COVID-19/general"
"318","ISR","2021-03-11",9124413,5042973,4081440,"https://datadashboard.health.gov.il/COVID-19/general"
"319","ISR","2021-03-12",9176806,5054089,4122717,"https://datadashboard.health.gov.il/COVID-19/general"
"320","ISR","2021-03-13",9209876,5061990,4147886,"https://datadashboard.health.gov.il/COVID-19/general"
"321","ISR","2021-03-14",9304596,5082925,4221671,"https://datadashboard.health.gov.il/COVID-19/general"
"322","ISR","2021-03-15",9402573,5102927,4299646,"https://datadashboard.health.gov.il/COVID-19/general"
"323","ISR","2021-03-16",9492493,5121529,4370964,"https://datadashboard.health.gov.il/COVID-19/general"
"324","ISR","2021-03-17",9568873,5139113,4429760,"https://datadashboard.health.gov.il/COVID-19/general"
"325","ISR","2021-03-18",9642761,5155062,4487699,"https://datadashboard.health.gov.il/COVID-19/general"
"326","ISR","2021-03-19",9677366,5161819,4515547,"https://datadashboard.health.gov.il/COVID-19/general"
"327","ISR","2021-03-20",9697710,5166940,4530770,"https://datadashboard.health.gov.il/COVID-19/general"
"328","ISR","2021-03-21",9751053,5179947,4571106,"https://datadashboard.health.gov.il/COVID-19/general"
"329","ISR","2021-03-22",9804732,5193228,4611504,"https://datadashboard.health.gov.il/COVID-19/general"
"330","ISR","2021-03-23",9814456,5195809,4618647,"https://datadashboard.health.gov.il/COVID-19/general"
"331","ISR","2021-03-24",9871517,5206530,4664987,"https://datadashboard.health.gov.il/COVID-19/general"
"332","ISR","2021-03-25",9916690,5216508,4700182,"https://datadashboard.health.gov.il/COVID-19/general"
"333","ISR","2021-03-26",9933888,5220502,4713386,"https://datadashboard.health.gov.il/COVID-19/general"
"334","ISR","2021-03-27",9939786,5222210,4717576,"https://datadashboard.health.gov.il/COVID-19/general"
"335","ISR","2021-03-28",9946361,5224241,4722120,"https://datadashboard.health.gov.il/COVID-19/general"
"336","ISR","2021-03-29",9983402,5231086,4752316,"https://datadashboard.health.gov.il/COVID-19/general"
"337","ISR","2021-03-30",10013518,5238900,4774618,"https://datadashboard.health.gov.il/COVID-19/general"
"338","ISR","2021-03-31",10040868,5246945,4793923,"https://datadashboard.health.gov.il/COVID-19/general"
"339","ISR","2021-04-01",10067441,5254982,4812459,"https://datadashboard.health.gov.il/COVID-19/general"
"340","ISR","2021-04-02",10078156,5257741,4820415,"https://datadashboard.health.gov.il/COVID-19/general"
"341","ISR","2021-04-03",10082357,5259075,4823282,"https://datadashboard.health.gov.il/COVID-19/general"
"342","ISR","2021-04-04",10116935,5270935,4846000,"https://datadashboard.health.gov.il/COVID-19/general"
"343","ISR","2021-04-05",10148207,5281115,4867092,"https://datadashboard.health.gov.il/COVID-19/general"
"344","ISR","2021-04-06",10173218,5289729,4883489,"https://datadashboard.health.gov.il/COVID-19/general"
"345","ISR","2021-04-07",10196983,5298456,4898527,"https://datadashboard.health.gov.il/COVID-19/general"
"346","ISR","2021-04-08",10223218,5307852,4915366,"https://datadashboard.health.gov.il/COVID-19/general"
"347","ISR","2021-04-09",10232820,5311396,4921424,"https://datadashboard.health.gov.il/COVID-19/general"
"348","ISR","2021-04-10",10237935,5312984,4924951,"https://datadashboard.health.gov.il/COVID-19/general"
"349","ISR","2021-04-11",10261006,5321965,4939041,"https://datadashboard.health.gov.il/COVID-19/general"
"350","ISR","2021-04-12",10283014,5330854,4952160,"https://datadashboard.health.gov.il/COVID-19/general"
"351","ISR","2021-04-13",10293181,5336290,4956891,"https://datadashboard.health.gov.il/COVID-19/general"
"352","ISR","2021-04-14",10301582,5339617,4961965,"https://datadashboard.health.gov.il/COVID-19/general"
"353","ISR","2021-04-15",10302372,5340014,4962358,"https://datadashboard.health.gov.il/COVID-19/general"
"354","ISR","2021-04-16",10311966,5343175,4968791,"https://datadashboard.health.gov.il/COVID-19/general"
"355","ISR","2021-04-17",10314591,5343916,4970675,"https://datadashboard.health.gov.il/COVID-19/general"
"356","ISR","2021-04-18",10328941,5350908,4978033,"https://datadashboard.health.gov.il/COVID-19/general"
"357","ISR","2021-04-19",10342108,5357131,4984977,"https://datadashboard.health.gov.il/COVID-19/general"
"358","ISR","2021-04-20",10354842,5363172,4991670,"https://datadashboard.health.gov.il/COVID-19/general"
"359","ISR","2021-04-21",10367696,5369196,4998500,"https://datadashboard.health.gov.il/COVID-19/general"
"360","JOR","2021-01-12",0,0,0,"https://petra.gov.jo/Include/InnerPage.jsp?ID=31830&lang=en&name=en_news"
"361","JOR","2021-01-23",30000,30000,0,"https://petra.gov.jo/Include/InnerPage.jsp?ID=31830&lang=en&name=en_news"
"362","JOR","2021-01-31",40000,40000,0,"https://twitter.com/PrimeMinistry/status/1355931355327197185"
"363","JOR","2021-02-22",80000,50000,30000,"https://en.royanews.tv/news/25719/2021-02-22"
"364","JOR","2021-02-25",150000,NA,NA,"https://www.reuters.com/article/us-health-coronavirus-jordan/jordan-says-covid-19-vaccination-drive-to-accelerate-in-coming-weeks-idUSKBN2AP2VO"
"365","JOR","2021-03-15",204151,155772,48379,"http://www.jordantimes.com/news/local/155772-people-received-1st-dose-covid-vaccine-%E2%80%94-crisis-cell"
"366","JOR","2021-03-17",241868,189456,52412,"https://en.royanews.tv/news/26287/2021-03-17"
"367","JOR","2021-03-21",272648,209278,63370,"https://en.royanews.tv/news/26404/2021-03-21"
"368","JOR","2021-03-24",320140,251197,68943,"https://en.royanews.tv/news/26484/2021-03-24"
"369","JOR","2021-03-30",409203,304946,104257,"https://petra.gov.jo/Include/InnerPage.jsp?ID=33506&lang=en&name=en_news"
"370","JOR","2021-04-07",524533,404912,119621,"https://menafn.com/1101878861/Jordan-404912-people-receive-1st-dose-of-anti-COVID-19-vaccine-Crisis-cell?source=317"
"371","JOR","2021-04-14",665226,543095,122131,"https://petra.gov.jo/Include/InnerPage.jsp?ID=33858&lang=en&name=en_news"
"372","KWT","2020-12-28",2500,NA,NA,"https://alqabas.com/article/5828928-2500-Ø´Ø®Øµ-Ø­ØµÙ„ÙˆØ§-Ø¹Ù„Ù‰-Ù„Ù‚Ø§Ø­-ÙƒÙˆØ±ÙˆÙ†Ø§-Ù<81>ÙŠ-ÙŠÙˆÙ…ÙŠÙ†?id=5828928"
"373","KWT","2021-01-26",35000,NA,NA,"https://gulfnews.com/world/gulf/kuwait/covid-19-35000-vaccinated-in-kuwait-in-one-month-1.76746518"
"374","KWT","2021-02-15",175000,137000,38000,"https://news.kuwaittimes.net/website/compliance-or-lockdown-virus-here-to-stay-till-judgment-day/"
"375","KWT","2021-03-08",360000,322000,38000,"https://twitter.com/KUWAIT_MOH/status/1368961318095626243"
"376","KWT","2021-03-22",NA,500000,NA,"https://twitter.com/Almajlliss/status/1374039548192247808"
"377","KWT","2021-03-29",604861,NA,NA,"https://twitter.com/drayalsanad/status/1376585974948499459"
"378","KWT","2021-04-18",NA,822000,NA,"https://gulfnews.com/world/gulf/kuwait/covid-19-882000-people-get-vaccine-in-kuwait-1.78587417"
"379","LBN","2021-02-13",0,NA,NA,"https://www.reuters.com/article/us-health-coronavirus-lebanon-vaccine-idUSKBN2AE08B"
"380","LBN","2021-02-14",48,NA,NA,"https://impact.cib.gov.lb/home/dashboard/vaccine"
"381","LBN","2021-02-15",1280,NA,NA,"https://impact.cib.gov.lb/home/dashboard/vaccine"
"382","LBN","2021-02-16",3266,NA,NA,"https://impact.cib.gov.lb/home/dashboard/vaccine"
"383","LBN","2021-02-17",5932,NA,NA,"https://impact.cib.gov.lb/home/dashboard/vaccine"
"384","LBN","2021-02-18",9605,NA,NA,"https://impact.cib.gov.lb/home/dashboard/vaccine"
"385","LBN","2021-02-19",13329,NA,NA,"https://impact.cib.gov.lb/home/dashboard/vaccine"
"386","LBN","2021-02-20",13329,NA,NA,"https://impact.cib.gov.lb/home/dashboard/vaccine"
"387","LBN","2021-02-21",13329,NA,NA,"https://impact.cib.gov.lb/home/dashboard/vaccine"
"388","LBN","2021-02-22",18031,NA,NA,"https://impact.cib.gov.lb/home/dashboard/vaccine"
"389","LBN","2021-02-23",21575,NA,NA,"https://impact.cib.gov.lb/home/dashboard/vaccine"
"390","LBN","2021-02-24",25393,NA,NA,"https://impact.cib.gov.lb/home/dashboard/vaccine"
"391","LBN","2021-02-25",29820,NA,NA,"https://impact.cib.gov.lb/home/dashboard/vaccine"
"392","LBN","2021-02-26",34991,NA,NA,"https://impact.cib.gov.lb/home/dashboard/vaccine"
"393","LBN","2021-02-27",34991,NA,NA,"https://impact.cib.gov.lb/home/dashboard/vaccine"
"394","LBN","2021-02-28",40593,NA,NA,"https://impact.cib.gov.lb/home/dashboard/vaccine"
"395","LBN","2021-03-01",45859,NA,NA,"https://impact.cib.gov.lb/home/dashboard/vaccine"
"396","LBN","2021-03-02",47625,NA,NA,"https://impact.cib.gov.lb/home/dashboard/vaccine"
"397","LBN","2021-03-03",54585,NA,NA,"https://impact.cib.gov.lb/home/dashboard/vaccine"
"398","LBN","2021-03-04",57474,NA,NA,"https://impact.cib.gov.lb/home/dashboard/vaccine"
"399","LBN","2021-03-05",60538,NA,NA,"https://impact.cib.gov.lb/home/dashboard/vaccine"
"400","LBN","2021-03-06",60740,NA,NA,"https://impact.cib.gov.lb/home/dashboard/vaccine"
"401","LBN","2021-03-07",61330,NA,NA,"https://impact.cib.gov.lb/home/dashboard/vaccine"
"402","LBN","2021-03-08",64007,NA,NA,"https://impact.cib.gov.lb/home/dashboard/vaccine"
"403","LBN","2021-03-09",64974,NA,NA,"https://impact.cib.gov.lb/home/dashboard/vaccine"
"404","LBN","2021-03-10",87216,75341,11875,"https://impact.cib.gov.lb/home/dashboard/vaccine"
"405","LBN","2021-03-11",91967,76883,15084,"https://impact.cib.gov.lb/home/dashboard/vaccine"
"406","LBN","2021-03-12",95888,78177,17711,"https://impact.cib.gov.lb/home/dashboard/vaccine"
"407","LBN","2021-03-15",104725,81802,22923,"https://impact.cib.gov.lb/home/dashboard/vaccine"
"408","LBN","2021-03-16",115164,86098,29066,"https://impact.cib.gov.lb/home/dashboard/vaccine"
"409","LBN","2021-03-17",120890,88219,32671,"https://impact.cib.gov.lb/home/dashboard/vaccine"
"410","LBN","2021-03-18",129487,90974,38513,"https://impact.cib.gov.lb/home/dashboard/vaccine"
"411","LBN","2021-03-19",135277,92573,42704,"https://impact.cib.gov.lb/home/dashboard/vaccine"
"412","LBN","2021-03-20",135349,92597,42752,"https://impact.cib.gov.lb/home/dashboard/vaccine"
"413","LBN","2021-03-21",138420,93801,44619,"https://impact.cib.gov.lb/home/dashboard/vaccine"
"414","LBN","2021-03-22",148119,98022,50097,"https://impact.cib.gov.lb/home/dashboard/vaccine"
"415","LBN","2021-03-23",158018,102363,55655,"https://impact.cib.gov.lb/home/dashboard/vaccine"
"416","LBN","2021-03-24",166015,105534,60481,"https://impact.cib.gov.lb/home/dashboard/vaccine"
"417","LBN","2021-03-25",174031,108630,65401,"https://impact.cib.gov.lb/home/dashboard/vaccine"
"418","LBN","2021-03-26",180074,111019,69055,"https://impact.cib.gov.lb/home/dashboard/vaccine"
"419","LBN","2021-03-27",181127,111517,69610,"https://impact.cib.gov.lb/home/dashboard/vaccine"
"420","LBN","2021-03-28",186712,114730,71982,"https://impact.cib.gov.lb/home/dashboard/vaccine"
"421","LBN","2021-03-29",193903,118998,74905,"https://impact.cib.gov.lb/home/dashboard/vaccine"
"422","LBN","2021-03-30",207647,127913,79734,"https://impact.cib.gov.lb/home/dashboard/vaccine"
"423","LBN","2021-03-31",216286,133294,82992,"https://impact.cib.gov.lb/home/dashboard/vaccine"
"424","LBN","2021-04-01",222332,136761,85571,"https://impact.cib.gov.lb/home/dashboard/vaccine"
"425","LBN","2021-04-02",225708,138558,87150,"https://impact.cib.gov.lb/home/dashboard/vaccine"
"426","LBN","2021-04-03",225842,138610,87232,"https://impact.cib.gov.lb/home/dashboard/vaccine"
"427","LBN","2021-04-04",228050,139855,88195,"https://impact.cib.gov.lb/home/dashboard/vaccine"
"428","LBN","2021-04-05",235303,144264,91039,"https://impact.cib.gov.lb/home/dashboard/vaccine"
"429","LBN","2021-04-06",244772,150660,94112,"https://impact.cib.gov.lb/home/dashboard/vaccine"
"430","LBN","2021-04-07",259153,161164,97989,"https://impact.cib.gov.lb/home/dashboard/vaccine"
"431","LBN","2021-04-08",268578,167957,100621,"https://impact.cib.gov.lb/home/dashboard/vaccine"
"432","LBN","2021-04-09",272379,170506,101873,"https://impact.cib.gov.lb/home/dashboard/vaccine"
"433","LBN","2021-04-10",273587,170571,103016,"https://impact.cib.gov.lb/home/dashboard/vaccine"
"434","LBN","2021-04-12",285966,178155,107811,"https://impact.cib.gov.lb/home/dashboard/vaccine"
"435","LBN","2021-04-13",296165,184109,112056,"https://impact.cib.gov.lb/home/dashboard/vaccine"
"436","LBN","2021-04-14",296168,184111,112057,"https://impact.cib.gov.lb/home/dashboard/vaccine"
"437","LBN","2021-04-15",320623,198763,121860,"https://impact.cib.gov.lb/home/dashboard/vaccine"
"438","LBN","2021-04-16",322647,199999,122648,"https://impact.cib.gov.lb/home/dashboard/vaccine"
"439","LBN","2021-04-17",322768,200111,122657,"https://impact.cib.gov.lb/home/dashboard/vaccine"
"440","LBN","2021-04-18",329452,204564,124888,"https://impact.cib.gov.lb/home/dashboard/vaccine"
"441","LBN","2021-04-19",343286,213168,130118,"https://impact.cib.gov.lb/home/dashboard/vaccine"
"442","LBN","2021-04-20",351792,217778,134014,"https://impact.cib.gov.lb/home/dashboard/vaccine"
"443","LBN","2021-04-21",365830,224699,141131,"https://impact.cib.gov.lb/home/dashboard/vaccine"
"444","MAR","2021-01-28",0,NA,NA,"https://2m.ma/fr/news/marocvaccination-anti-covid-19-90000-personnes-vaccinees-en-3-jours-20210131/"
"445","MAR","2021-01-30",90000,NA,NA,"https://2m.ma/fr/news/marocvaccination-anti-covid-19-90000-personnes-vaccinees-en-3-jours-20210131/"
"446","MAR","2021-01-31",126000,NA,NA,"http://www.mapexpress.ma/actualite/societe-et-regions/covid-19-126-000-personnes-ete-vaccinees-au-maroc-ministere/"
"447","MAR","2021-02-01",200081,NA,NA,"http://www.covidmaroc.ma/Documents/BULLETIN/1.2.21.COVID-19.pdf"
"448","MAR","2021-02-02",257291,NA,NA,"http://www.covidmaroc.ma/Documents/BULLETIN/2.2.21.COVID-19.pdf"
"449","MAR","2021-02-03",308398,NA,NA,"http://www.covidmaroc.ma/Documents/BULLETIN/3.2.21.COVID-19.pdf"
"450","MAR","2021-02-04",351723,NA,NA,"http://www.covidmaroc.ma/Documents/BULLETIN/4.2.21.COVID-19.pdf"
"451","MAR","2021-02-05",408235,NA,NA,"http://www.covidmaroc.ma/Documents/BULLETIN/5.2.21.COVID-19.pdf"
"452","MAR","2021-02-06",463966,NA,NA,"http://www.covidmaroc.ma/Documents/BULLETIN/6.2.21.COVID-19.pdf"
"453","MAR","2021-02-08",550149,NA,NA,"http://www.covidmaroc.ma/Documents/BULLETIN/8.2.21.COVID-19.pdf"
"454","MAR","2021-02-09",615181,NA,NA,"http://www.covidmaroc.ma/Documents/BULLETIN/9.2.21.COVID-19.pdf"
"455","MAR","2021-02-10",746116,NA,NA,"http://www.covidmaroc.ma/Documents/BULLETIN/10.2.21.COVID-19.pdf"
"456","MAR","2021-02-11",855318,NA,NA,"http://www.covidmaroc.ma/Documents/BULLETIN/11.2.21.COVID-19.pdf"
"457","MAR","2021-02-12",1112103,NA,NA,"http://www.covidmaroc.ma/Documents/BULLETIN/12.2.21.COVID-19.pdf"
"458","MAR","2021-02-13",1388539,NA,NA,"http://www.covidmaroc.ma/Documents/BULLETIN/13.2.21.COVID-19.pdf"
"459","MAR","2021-02-15",1707091,NA,NA,"http://www.covidmaroc.ma/Documents/BULLETIN/15.2.21.COVID-19.pdf"
"460","MAR","2021-02-16",1904169,NA,NA,"http://www.covidmaroc.ma/Documents/BULLETIN/16.2.21.COVID-19.pdf"
"461","MAR","2021-02-17",2081013,NA,NA,"http://www.covidmaroc.ma/Documents/BULLETIN/17.2.21.COVID-19.pdf"
"462","MAR","2021-02-18",2233123,NA,NA,"http://www.covidmaroc.ma/Documents/BULLETIN/18.2.21.COVID-19.pdf"
"463","MAR","2021-02-19",2362150,2357283,4867,"http://www.covidmaroc.ma/Documents/BULLETIN/19.2.21.COVID-19.pdf"
"464","MAR","2021-02-20",2461192,2447716,13476,"http://www.covidmaroc.ma/Documents/BULLETIN/20.2.21.COVID-19.pdf"
"465","MAR","2021-02-22",2575684,2552017,23667,"http://www.covidmaroc.ma/Documents/BULLETIN/22.2.21.COVID-19.pdf"
"466","MAR","2021-02-23",2667091,2635859,31232,"http://www.covidmaroc.ma/Documents/BULLETIN/23.2.21.COVID-19.pdf"
"467","MAR","2021-02-24",2948945,2911635,37310,"http://www.covidmaroc.ma/Documents/BULLETIN/24.2.21.COVID-19.pdf"
"468","MAR","2021-02-25",3204105,3160479,43626,"http://www.covidmaroc.ma/Documents/BULLETIN/25.2.21.COVID-19.pdf"
"469","MAR","2021-02-26",3424295,3327858,96437,"http://www.covidmaroc.ma/Documents/BULLETIN/26.2.21.COVID-19.pdf"
"470","MAR","2021-02-27",3597903,3435997,161906,"http://www.covidmaroc.ma/Documents/BULLETIN/27.2.21.COVID-19.pdf"
"471","MAR","2021-03-01",3801650,3568670,232980,"http://www.covidmaroc.ma/pages/Accueilfr.aspx"
"472","MAR","2021-03-02",3951325,3657468,293857,"http://www.covidmaroc.ma/pages/Accueilfr.aspx"
"473","MAR","2021-03-03",4105862,3745173,360689,"http://www.covidmaroc.ma/pages/Accueilfr.aspx"
"474","MAR","2021-03-04",4233129,3820097,413032,"http://www.covidmaroc.ma/pages/Accueilfr.aspx"
"475","MAR","2021-03-05",4377629,3877687,499942,"http://www.covidmaroc.ma/pages/Accueilfr.aspx"
"476","MAR","2021-03-06",4492557,3913615,578942,"http://www.covidmaroc.ma/pages/Accueilfr.aspx"
"477","MAR","2021-03-08",4613292,3961941,651351,"http://www.covidmaroc.ma/pages/Accueilfr.aspx"
"478","MAR","2021-03-09",4734200,4017087,717113,"http://www.covidmaroc.ma/pages/Accueilfr.aspx"
"479","MAR","2021-03-10",4934283,4080009,854274,"http://www.covidmaroc.ma/pages/Accueilfr.aspx"
"480","MAR","2021-03-11",5102685,4130606,972079,"http://www.covidmaroc.ma/pages/Accueilfr.aspx"
"481","MAR","2021-03-12",5394092,4169133,1224959,"http://www.covidmaroc.ma/pages/Accueilfr.aspx"
"482","MAR","2021-03-13",5682508,4210770,1471738,"http://www.covidmaroc.ma/pages/Accueilfr.aspx"
"483","MAR","2021-03-15",5992783,4225311,1767472,"http://www.covidmaroc.ma/pages/Accueilfr.aspx"
"484","MAR","2021-03-16",6197382,4236386,1960996,"http://www.covidmaroc.ma/pages/Accueilfr.aspx"
"485","MAR","2021-03-17",6360732,4244651,2116081,"http://www.covidmaroc.ma/pages/Accueilfr.aspx"
"486","MAR","2021-03-19",6611161,4258813,2352348,"http://www.covidmaroc.ma/pages/Accueilfr.aspx"
"487","MAR","2021-03-20",6687548,4264168,2423380,"http://www.covidmaroc.ma/pages/Accueilfr.aspx"
"488","MAR","2021-03-22",6781503,4264761,2516742,"http://www.covidmaroc.ma/pages/Accueilfr.aspx"
"489","MAR","2021-03-23",6858400,4265196,2593204,"http://www.covidmaroc.ma/pages/Accueilfr.aspx"
"490","MAR","2021-03-24",7128976,4284060,2844916,"http://www.covidmaroc.ma/pages/Accueilfr.aspx"
"491","MAR","2021-03-25",7360398,4289281,3071117,"http://www.covidmaroc.ma/pages/Accueilfr.aspx"
"492","MAR","2021-03-26",7525286,4293544,3231742,"http://www.covidmaroc.ma/pages/Accueilfr.aspx"
"493","MAR","2021-03-27",7634475,4302183,3332292,"http://www.covidmaroc.ma/pages/Accueilfr.aspx"
"494","MAR","2021-03-29",7758500,4302897,3455603,"http://www.covidmaroc.ma/pages/Accueilfr.aspx"
"495","MAR","2021-03-30",7882300,4315802,3566498,"http://www.covidmaroc.ma/pages/Accueilfr.aspx"
"496","MAR","2021-03-31",7994600,4320349,3674251,"http://www.covidmaroc.ma/pages/Accueilfr.aspx"
"497","MAR","2021-04-01",8096454,4329244,3767210,"http://www.covidmaroc.ma/pages/Accueilfr.aspx"
"498","MAR","2021-04-02",8171651,4331082,3840569,"http://www.covidmaroc.ma/pages/Accueilfr.aspx"
"499","MAR","2021-04-03",8240870,4348995,3891875,"http://www.covidmaroc.ma/pages/Accueilfr.aspx"
"500","MAR","2021-04-05",8303056,4352033,3951023,"http://www.covidmaroc.ma/pages/Accueilfr.aspx"
"501","MAR","2021-04-06",8375241,4382917,3992324,"http://www.covidmaroc.ma/pages/Accueilfr.aspx"
"502","MAR","2021-04-07",8448106,4410023,4038083,"http://www.covidmaroc.ma/pages/Accueilfr.aspx"
"503","MAR","2021-04-08",8509229,4433939,4075290,"http://www.covidmaroc.ma/pages/Accueilfr.aspx"
"504","MAR","2021-04-09",8552304,4449047,4103257,"http://www.covidmaroc.ma/pages/Accueilfr.aspx"
"505","MAR","2021-04-10",8606571,4471831,4134740,"http://www.covidmaroc.ma/pages/Accueilfr.aspx"
"506","MAR","2021-04-11",8635238,4486628,4148610,"http://www.covidmaroc.ma/pages/Accueilfr.aspx"
"507","MAR","2021-04-13",8650872,4495477,4155395,"http://www.covidmaroc.ma/pages/Accueilfr.aspx"
"508","MAR","2021-04-14",8696100,4529399,4166701,"http://www.covidmaroc.ma/pages/Accueilfr.aspx"
"509","MAR","2021-04-15",8728449,4554000,4174449,"http://www.covidmaroc.ma/pages/Accueilfr.aspx"
"510","MAR","2021-04-16",8763819,4583664,4180155,"http://www.covidmaroc.ma/pages/Accueilfr.aspx"
"511","MAR","2021-04-17",8841456,4655007,4186449,"http://www.covidmaroc.ma/pages/Accueilfr.aspx"
"512","MAR","2021-04-19",8860662,4672326,4188336,"http://www.covidmaroc.ma/pages/Accueilfr.aspx"
"513","MAR","2021-04-20",8878445,4684557,4193888,"http://www.covidmaroc.ma/pages/Accueilfr.aspx"
"514","MAR","2021-04-21",8901652,4697873,4203779,"http://www.covidmaroc.ma/pages/Accueilfr.aspx"
"515","MRT","2021-03-26",0,0,0,"https://www.rfi.fr/fr/afrique/20210327-covid-19-d%C3%A9but-de-la-campagne-de-vaccination-en-mauritanie"
"516","MRT","2021-04-01",1366,1366,0,"https://www.sante.gov.mr/?p=5938"
"517","MRT","2021-04-08",2930,2930,0,"https://www.sante.gov.mr/wp-content/uploads/2021/04/Mauritania-COVID-19-Situation-Report-2021-04-07.FR_.pdf"
"518","OMN","2020-12-28",1717,1717,NA,"https://twitter.com/OmaniMOH/status/1343855386563108864"
"519","OMN","2020-12-29",3363,3363,NA,"https://twitter.com/OmaniMOH/status/1344257961061974018"
"520","OMN","2020-12-30",5043,5043,NA,"https://twitter.com/OmaniMOH/status/1344586383273422848"
"521","OMN","2020-12-31",6516,6516,NA,"https://twitter.com/OmaniMOH/status/1344938163224129538"
"522","OMN","2021-01-02",7231,7231,NA,"https://twitter.com/OmaniMOH/status/1345653596881301505"
"523","OMN","2021-01-03",8826,8826,NA,"https://twitter.com/OmaniMOH/status/1346021869837836294"
"524","OMN","2021-01-04",10728,10728,NA,"https://twitter.com/OmaniMOH/status/1346366199718932480"
"525","OMN","2021-01-05",12751,12751,NA,"https://twitter.com/OmaniMOH/status/1346730906841710592"
"526","OMN","2021-01-06",14005,14005,NA,"https://twitter.com/OmaniMOH/status/1347101384290799618"
"527","OMN","2021-01-07",14911,14911,NA,"https://twitter.com/OmaniMOH/status/1347450057151410177"
"528","OMN","2021-01-08",14980,14980,NA,"https://twitter.com/OmaniMOH/status/1347813396448686081"
"529","OMN","2021-01-09",15023,15023,NA,"https://twitter.com/OmaniMOH/status/1348185867773476867"
"530","OMN","2021-01-10",15907,15907,NA,"https://twitter.com/OmaniMOH/status/1348541465841061888/photo/1"
"531","OMN","2021-01-11",18287,18287,NA,"https://twitter.com/OmaniMOH/status/1348903015416287233"
"532","OMN","2021-01-12",20649,20649,NA,"https://twitter.com/OmaniMOH/status/1349258028709781507"
"533","OMN","2021-01-13",22749,22749,NA,"https://twitter.com/OmaniMOH/status/1349582771971350531"
"534","OMN","2021-01-14",24204,24204,NA,"https://twitter.com/OmaniMOH/status/1349991401686241280"
"535","OMN","2021-01-16",24773,24773,NA,"https://twitter.com/OmaniMOH/status/1350752004906377217"
"536","OMN","2021-01-17",25446,24773,673,"https://twitter.com/OmaniMOH/status/1351110946215890947"
"537","OMN","2021-01-18",26758,24773,1985,"https://twitter.com/OmaniMOH/status/1351436840662925312"
"538","OMN","2021-01-19",28049,24773,3276,"https://twitter.com/OmaniMOH/status/1351800332368670720"
"539","OMN","2021-01-20",29548,24773,4775,"https://twitter.com/OmaniMOH/status/1352168458994159617"
"540","OMN","2021-01-23",30675,24773,5902,"https://twitter.com/OmaniMOH/status/1353291121435283457"
"541","OMN","2021-01-24",32765,24773,7992,"https://twitter.com/OmaniMOH/status/1353610389431472133"
"542","OMN","2021-01-25",34606,24773,9833,"https://twitter.com/OmaniMOH/status/1353963983418613760"
"543","OMN","2021-01-26",36206,24773,11433,"https://twitter.com/OmaniMOH/status/1354319325088387074"
"544","OMN","2021-01-27",37045,24773,12272,"https://twitter.com/OmaniMOH/status/1354699593666195458"
"545","OMN","2021-02-08",39146,26874,12272,"https://twitter.com/OmaniMOH/status/1358715900325728257"
"546","OMN","2021-02-09",41192,28920,12272,"https://twitter.com/OmaniMOH/status/1359067309634125824"
"547","OMN","2021-02-10",43233,30961,12272,"https://twitter.com/OmaniMOH/status/1359418715545210882"
"548","OMN","2021-02-11",45065,32793,12272,"https://twitter.com/OmaniMOH/status/1359763283532804097"
"549","OMN","2021-02-12",46829,34557,12272,"https://twitter.com/OmaniMOH/status/1360163645087449088"
"550","OMN","2021-02-13",47198,34926,12272,"https://twitter.com/OmaniMOH/status/1360858721832882177"
"551","OMN","2021-02-14",48819,36547,12272,"https://twitter.com/OmaniMOH/status/1361216307002306563"
"552","OMN","2021-02-15",50100,37828,12272,"https://twitter.com/OmaniMOH/status/1361584602343763969"
"553","OMN","2021-02-16",56847,37828,19019,"https://twitter.com/OmaniMOH/status/1361622939402194948"
"554","OMN","2021-02-17",58255,39236,19019,"https://twitter.com/OmaniMOH/status/1361946974652674048"
"555","OMN","2021-02-18",59878,40859,19019,"https://twitter.com/OmaniMOH/status/1362292985455661058"
"556","OMN","2021-02-19",61971,42952,19019,"https://twitter.com/OmaniMOH/status/1362713658028154881"
"557","OMN","2021-02-20",62487,43468,19019,"https://twitter.com/OmaniMOH/status/1363414269572878338"
"558","OMN","2021-02-21",64538,45519,19019,"https://twitter.com/OmaniMOH/status/1363751178773921796"
"559","OMN","2021-02-22",66103,47084,19019,"https://twitter.com/OmaniMOH/status/1364118472909848582"
"560","OMN","2021-02-23",67660,48641,19019,"https://twitter.com/OmaniMOH/status/1364490235132919808"
"561","OMN","2021-03-09",94518,75499,19019,"https://twitter.com/OmaniMOH/status/1369238800224882696"
"562","OMN","2021-03-10",98168,79149,19019,"https://twitter.com/OmaniMOH/status/1369577366708699140/photo/1"
"563","OMN","2021-03-15",105003,85984,19019,"https://twitter.com/OmaniMOH/status/1371366396186230785/photo/1"
"564","OMN","2021-03-17",109844,90825,19019,"https://twitter.com/OmaniMOH/status/1372097966668972036"
"565","OMN","2021-03-22",120837,101818,19019,"https://twitter.com/OmaniMOH/status/1373935050853584898"
"566","OMN","2021-03-24",129198,110179,19019,"https://twitter.com/OmaniMOH/status/1374651151312883713"
"567","OMN","2021-03-29",139897,120878,19019,"https://twitter.com/OmaniMOH/status/1376444593554743296"
"568","OMN","2021-03-31",151512,132493,19019,"https://twitter.com/OmaniMOH/status/1377163421263663105"
"569","OMN","2021-04-05",171055,152036,19019,"https://twitter.com/OmaniMOH/status/1378992177502633987"
"570","OMN","2021-04-12",188029,169010,19019,"https://twitter.com/OmaniMOH/status/1381523255861915648"
"571","OMN","2021-04-14",192808,173789,19019,"https://twitter.com/OmaniMOH/status/1382244754302328832"
"572","OMN","2021-04-19",217582,198563,19019,"https://twitter.com/OmaniMOH/status/1384047527721271296"
"573","PSE","2021-03-30",81942,73964,7978,"https://corona.ps/details"
"574","PSE","2021-03-31",87066,78379,8687,"https://corona.ps/details"
"575","PSE","2021-04-01",93217,83822,9395,"https://corona.ps/details"
"576","PSE","2021-04-03",100386,90204,10182,"https://corona.ps/details"
"577","PSE","2021-04-04",102755,91626,11129,"https://corona.ps/details"
"578","PSE","2021-04-05",111880,100552,11328,"https://www.facebook.com/mohps/posts/3694870203972164?__cft__[0]=AZVqVb4BitnkLRlFwrBuHkQxxTqOfyVP-f_1TlwpI-wzjFrZIA1Xa9zKjULYzTS4Ms9n8Iuvf8z1X8p_w-VSAHCz5N98EQsCSGCPcRxCuGdMWg00HcZzt6vK-aCzyt9aFj-KJJ7xNRKbUxd2RAfzV54V&__tn__=%2CO%2CP-R"
"579","PSE","2021-04-06",121326,109894,11432,"https://www.facebook.com/mohps/posts/3698018596990658?__cft__[0]=AZXs5FxBB89nJfYPBBypDMXaAAsjO-tvnIxT-POQZLeOAkvbDT5SIl0_yI5OzYF3tDiO6gHCup7FdcvwwIRRgvpk0Z9zjQRNSt3Dzc8Q70a19F25hfcnXExmtjhRGcvpu0gVVY7jIORfFvXEJB6Ho9yu&__tn__=%2CO%2CP-R"
"580","PSE","2021-04-07",132392,120772,11620,"https://www.facebook.com/mohps/posts/3700658936726624?__cft__[0]=AZVeaFGiS375d8BnKQ2najbgLgzb0sbMDoh5b80LBjL8fY30GofjzmisBw-auFaeDhvOLgoGNqBpWq7xSYFLzohp0fMgkd_hhwLKPu2b3umZ650r-kmVpf_oWLjPZWTr6KLbc-cr7g6lJ_6gWUeTkaPP&__tn__=%2CO%2CP-R"
"581","PSE","2021-04-08",143142,131394,11748,"https://www.facebook.com/mohps/posts/3703463519779499?__cft__[0]=AZVHGcqYf_tR5kU6Xi35fz7dCilRzksZQaYG1b_XNXhFHeGbe4IoyzKXwvpX4LvMroK53W-aLEiep6n2d3V1ZoIs0ZTEfFfMiUU5JDwiKtc18QAgnYstuhNQNZ8_EwjvmpUADe0YYpQ04fqaFQ0CUMhR&__tn__=%2CO%2CP-R"
"582","PSE","2021-04-09",152503,140032,12471,"https://www.facebook.com/mohps/posts/3706354476157070?__cft__[0]=AZX5Jdws4hLr021yUIZnuQwGwuyBZ5piadMkc528hWGYLJxmx4z-vRBCyUd8FDHx0wtd6VIcaOdrs3ZRdKyf7L93GsNxkHBQeQlWIjZk2VYTlpNVSJ8hKueYRhw4dzsxgBouyX9pZYwgcLgrkJv25yHe&__tn__=%2CO%2CP-R"
"583","PSE","2021-04-10",152952,140481,12471,"https://www.facebook.com/mohps/posts/3709096285882889?__cft__[0]=AZVmt7cp3oK-cfb_lpjsWTYbkBJn0nikHungJXK_w9njkPSWHPkDnSGthRWE_6EIY5bmD5APRUOJLLWJw37NTEhkFgvJgQqpdFweNr1TNqYqgBy9asoe7_Nql6H0BRL3vOznrBAQMXC010F2C5-T2XUh&__tn__=%2CO%2CP-R"
"584","PSE","2021-04-11",154099,140932,13167,"https://www.facebook.com/mohps/posts/3712102662248918?__cft__[0]=AZXexON5DXw9KxkR9tTnQeYcL_e-UlQbYcOAwgZirBWXIQcXb0lpZg3LQcovV4nRStMHsMWxpRU1sLUhUU9Ymuc-kHWddP7gEpWvUy1wV-3crCpprhfuyXypGF9iDS1P6-Vmd1WtdcUgacGQjGmadm7R&__tn__=%2CO%2CP-R"
"585","PSE","2021-04-12",161660,146986,14674,"https://www.facebook.com/mohps/posts/3715053128620538?__cft__[0]=AZUkC1WNiec6RvIwt7FnxukCXI3Gma6EIoWZRzGeo78ppNrGxIFSDV12LoJOh2WXyVEoFzLcF8rj7dMDYUZgExG8x6mYJSDIJ6YWokQKJ8bwgIBlKgqYt_ZTWNeoLQCJYolghOOPFwfTfneqMi1lD6ji&__tn__=%2CO%2CP-R"
"586","PSE","2021-04-13",168682,151022,17660,"https://www.facebook.com/mohps/posts/3717815845010933?__cft__[0]=AZVwRkSPECkoszsgvdkCOGK0ZbXnXtFnvc4v_dRZle7eXSibVQhDxEi-Z_L6Ij2D-sUxZaB2MNMp0N-wHELHzqndPH0Cj-sya1vip3bkFioiw_ZypmgWkbcnCsSmHpTsBZz5wVNL4mIqcqfMYYlFGguU&__tn__=%2CO%2CP-R"
"587","PSE","2021-04-14",173851,153911,19940,"https://www.facebook.com/mohps/posts/3720544088071442?__cft__[0]=AZXiJaqtF9PQf1qZSCJtpTlqQV6obidXXsOYXARFHx1wxU2i4k30jcnbq0eDAWnkbR_99sY35FzMrbIjxNFEFBCmZIOv77QwDJI5j6eaoPKLDDysEjfXyhLkHgkXFFQW7BtYmw9MwlQ5bPOl-IYHObKG&__tn__=%2CO%2CP-R"
"588","PSE","2021-04-15",177865,156446,21419,"https://www.facebook.com/mohps/posts/3723439817781869?__cft__[0]=AZXT2Geo478epMcZpIDsTyikWl603tvFbRPqTSXWYF1ESZaKZLBBSPTDgFADjCbbwDtK2QOw9-TfjrEa4xdfq_m9eSTzIRNxjhw4BlAec8Thhy3h1agpSIHtBZOvTTNqC74uUUSfB8O7c766v-nEbRBa&__tn__=%2CO%2CP-R"
"589","PSE","2021-04-16",182867,159754,23113,"https://www.facebook.com/mohps/posts/3726351794157338?__cft__[0]=AZWJ0ARU5H0VqQpdMNVZ2uHVFWjAvlMsUdwQwnaW4O1bPtrc7p6C4K5Sr--iqh9-gStlaCeKXEUEe8KbxN5BsQpdj1gLQ55F32pOU2EKqHhxCLo988RhU8UJo016jiQdvkOFHGglhQMq6MCFXrc9q50T&__tn__=%2CO%2CP-R"
"590","PSE","2021-04-17",182867,159754,23113,"https://www.facebook.com/mohps/posts/3729132597212591?__cft__[0]=AZX0cvMbwMwmRecAb5O4tp9FhI-fa4DVnbvZDb1Mqaf_WEbkAywPNrvTTRizs7BeyplIa6b7YQ0I0fwNOZBi_l72LKriuIB6ua9RFqADhbyyGwB8k4qOKB5AvzLd9xPwIzo3Ul7nZPNowVCJv2JmgUpM&__tn__=%2CO%2CP-R"
"591","PSE","2021-04-18",183606,159976,23630,"https://www.facebook.com/mohps/posts/3731629976962853?__cft__[0]=AZVrzmhdd1bA52ivVdtiJ8t6iLmdfx9BRorQ4PIi_JnG_WUMK7Ay5Po8bUjgX8SkJiGdJsXa4Qpn-XHLOkaUM4SFX0ktrZ_9qO20mKDRUHx4xUNmtagYWrssJah5wZ_B3PuSoZLrqafWeh489oDFnJnJ&__tn__=%2CO%2CP-R"
"592","PSE","2021-04-19",192315,166849,25466,"https://www.facebook.com/mohps/posts/3734524433340074?__cft__[0]=AZXh0-UXvhPHsLQNkIcBPT0JzKNcSjK7iWj8tiaZ8l-TUWSswth0HdQEI7fahkbnZqtmBSgRTxiJ74k8UyJRzwMdlK_5zmCh0rBPlReTSOcmSJSNqf2e7Uusr5yGX99rtFV1JK2PvPjAB1H2neVgtKEw&__tn__=%2CO%2CP-R"
"593","QAT","2020-12-22",0,NA,NA,"https://www.aljazeera.com/news/2020/12/23/qatar-begins-coronavirus-vaccination-campaign"
"594","QAT","2021-01-28",50000,NA,NA,"https://www.gulf-times.com/story/683467/If-Covid-cases-increase-more-restrictions-may-be-e"
"595","QAT","2021-02-17",NA,100000,NA,"https://www.gulf-times.com/story/684927/More-than-100-000-vaccinated-in-Qatar-so-far-says-"
"596","QAT","2021-02-18",140000,NA,NA,"https://www.gulf-times.com/story/685040"
"597","QAT","2021-03-07",327000,NA,NA,"https://twitter.com/MOPHQatar/status/1368573172711370756"
"598","QAT","2021-03-10",380000,NA,NA,"https://twitter.com/QNAEnglish/status/1369767228703449106"
"599","QAT","2021-03-16",510000,NA,NA,"https://twitter.com/QNAEnglish/status/1371853178195607558"
"600","QAT","2021-03-21",594613,NA,NA,"https://covid19.moph.gov.qa/EN/Pages/default.aspx"
"601","QAT","2021-03-22",615655,NA,NA,"https://covid19.moph.gov.qa/EN/Pages/default.aspx"
"602","QAT","2021-03-23",637461,NA,NA,"https://covid19.moph.gov.qa/EN/Pages/default.aspx"
"603","QAT","2021-03-24",658325,NA,NA,"https://covid19.moph.gov.qa/EN/Pages/default.aspx"
"604","QAT","2021-03-25",679278,NA,NA,"https://covid19.moph.gov.qa/EN/Pages/default.aspx"
"605","QAT","2021-03-26",701943,NA,NA,"https://covid19.moph.gov.qa/EN/Pages/default.aspx"
"606","QAT","2021-03-27",721236,NA,NA,"https://covid19.moph.gov.qa/EN/Pages/default.aspx"
"607","QAT","2021-03-28",740309,NA,NA,"https://covid19.moph.gov.qa/EN/Pages/default.aspx"
"608","QAT","2021-03-29",765110,NA,NA,"https://covid19.moph.gov.qa/EN/Pages/default.aspx"
"609","QAT","2021-03-30",790676,NA,NA,"https://covid19.moph.gov.qa/EN/Pages/default.aspx"
"610","QAT","2021-03-31",816484,NA,NA,"https://covid19.moph.gov.qa/EN/Pages/default.aspx"
"611","QAT","2021-04-01",842000,NA,NA,"https://covid19.moph.gov.qa/EN/Pages/default.aspx"
"612","QAT","2021-04-02",867209,NA,NA,"https://covid19.moph.gov.qa/EN/Pages/default.aspx"
"613","QAT","2021-04-03",889202,NA,NA,"https://covid19.moph.gov.qa/EN/Pages/default.aspx"
"614","QAT","2021-04-04",910851,NA,NA,"https://covid19.moph.gov.qa/EN/Pages/default.aspx"
"615","QAT","2021-04-05",934843,NA,NA,"https://covid19.moph.gov.qa/EN/Pages/default.aspx"
"616","QAT","2021-04-06",961555,NA,NA,"https://covid19.moph.gov.qa/EN/Pages/default.aspx"
"617","QAT","2021-04-07",987673,NA,NA,"https://covid19.moph.gov.qa/EN/Pages/default.aspx"
"618","QAT","2021-04-08",1012716,NA,NA,"https://covid19.moph.gov.qa/EN/Pages/default.aspx"
"619","QAT","2021-04-09",1041632,NA,NA,"https://covid19.moph.gov.qa/EN/Pages/default.aspx"
"620","QAT","2021-04-10",1062250,NA,NA,"https://covid19.moph.gov.qa/EN/Pages/default.aspx"
"621","QAT","2021-04-11",1079776,NA,NA,"https://covid19.moph.gov.qa/EN/Pages/default.aspx"
"622","QAT","2021-04-12",1104726,NA,NA,"https://covid19.moph.gov.qa/EN/Pages/default.aspx"
"623","QAT","2021-04-13",1131631,NA,NA,"https://covid19.moph.gov.qa/EN/Pages/default.aspx"
"624","QAT","2021-04-14",1159479,NA,NA,"https://covid19.moph.gov.qa/EN/Pages/default.aspx"
"625","QAT","2021-04-15",1183191,NA,NA,"https://covid19.moph.gov.qa/EN/Pages/default.aspx"
"626","QAT","2021-04-16",1209648,NA,NA,"https://covid19.moph.gov.qa/EN/Pages/default.aspx"
"627","QAT","2021-04-17",1225110,NA,NA,"https://covid19.moph.gov.qa/EN/Pages/default.aspx"
"628","QAT","2021-04-18",1248229,NA,NA,"https://covid19.moph.gov.qa/EN/Pages/default.aspx"
"629","QAT","2021-04-19",1271478,NA,NA,"https://covid19.moph.gov.qa/EN/Pages/default.aspx"
"630","QAT","2021-04-20",1296520,NA,NA,"https://covid19.moph.gov.qa/EN/Pages/default.aspx"
"631","QAT","2021-04-21",1320866,NA,NA,"https://covid19.moph.gov.qa/EN/Pages/default.aspx"
"632","SAU","2021-01-06",100000,NA,NA,"https://coronamap.sa"
"633","SAU","2021-01-07",137862,NA,NA,"https://coronamap.sa"
"634","SAU","2021-01-11",178337,NA,NA,"https://coronamap.sa"
"635","SAU","2021-01-17",295530,NA,NA,"https://coronamap.sa"
"636","SAU","2021-01-29",391643,NA,NA,"https://coronamap.sa"
"637","SAU","2021-02-01",440618,NA,NA,"https://coronamap.sa"
"638","SAU","2021-02-07",443153,NA,NA,"https://coronamap.sa"
"639","SAU","2021-02-11",444465,NA,NA,"https://coronamap.sa"
"640","SAU","2021-02-14",446940,NA,NA,"https://coronamap.sa"
"641","SAU","2021-02-16",462812,NA,NA,"https://coronamap.sa"
"642","SAU","2021-02-18",501710,NA,NA,"https://coronamap.sa"
"643","SAU","2021-02-24",600798,NA,NA,"https://coronamap.sa"
"644","SAU","2021-02-25",639587,NA,NA,"https://coronamap.sa"
"645","SAU","2021-02-26",639587,NA,NA,"https://coronamap.sa"
"646","SAU","2021-02-28",780667,NA,NA,"https://coronamap.sa"
"647","SAU","2021-03-02",885411,NA,NA,"https://coronamap.sa"
"648","SAU","2021-03-03",1003287,NA,NA,"https://coronamap.sa"
"649","SAU","2021-03-04",1194019,NA,NA,"https://coronamap.sa"
"650","SAU","2021-03-05",1264878,NA,NA,"https://coronamap.sa"
"651","SAU","2021-03-07",1332740,NA,NA,"https://coronamap.sa"
"652","SAU","2021-03-08",1484935,NA,NA,"https://coronamap.sa"
"653","SAU","2021-03-09",1640975,NA,NA,"https://coronamap.sa"
"654","SAU","2021-03-10",1685881,NA,NA,"https://coronamap.sa"
"655","SAU","2021-03-11",1823819,NA,NA,"https://coronamap.sa"
"656","SAU","2021-03-12",2007232,NA,NA,"https://coronamap.sa"
"657","SAU","2021-03-13",2082780,NA,NA,"https://coronamap.sa"
"658","SAU","2021-03-14",2232110,NA,NA,"https://coronamap.sa"
"659","SAU","2021-03-15",2336749,NA,NA,"https://coronamap.sa"
"660","SAU","2021-03-16",2450781,NA,NA,"https://coronamap.sa"
"661","SAU","2021-03-17",2577630,NA,NA,"https://coronamap.sa"
"662","SAU","2021-03-18",2692143,NA,NA,"https://coronamap.sa"
"663","SAU","2021-03-19",2748646,NA,NA,"https://coronamap.sa"
"664","SAU","2021-03-20",2999798,NA,NA,"https://coronamap.sa"
"665","SAU","2021-03-21",3189122,NA,NA,"https://coronamap.sa"
"666","SAU","2021-03-22",3333125,NA,NA,"https://coronamap.sa"
"667","SAU","2021-03-23",3495893,NA,NA,"https://coronamap.sa"
"668","SAU","2021-03-24",3646851,NA,NA,"https://coronamap.sa"
"669","SAU","2021-03-25",3802995,NA,NA,"https://coronamap.sa"
"670","SAU","2021-03-26",3887348,NA,NA,"https://coronamap.sa"
"671","SAU","2021-03-27",3995150,NA,NA,"https://coronamap.sa"
"672","SAU","2021-03-28",4125466,NA,NA,"https://coronamap.sa"
"673","SAU","2021-03-29",4241555,NA,NA,"https://coronamap.sa"
"674","SAU","2021-03-30",4319023,NA,NA,"https://coronamap.sa"
"675","SAU","2021-03-31",4414986,NA,NA,"https://coronamap.sa"
"676","SAU","2021-04-01",4571478,NA,NA,"https://coronamap.sa"
"677","SAU","2021-04-02",4722340,NA,NA,"https://coronamap.sa"
"678","SAU","2021-04-03",4871878,NA,NA,"https://coronamap.sa"
"679","SAU","2021-04-04",4994576,NA,NA,"https://coronamap.sa"
"680","SAU","2021-04-05",5114583,NA,NA,"https://coronamap.sa"
"681","SAU","2021-04-06",5308742,NA,NA,"https://coronamap.sa"
"682","SAU","2021-04-07",5567266,NA,NA,"https://coronamap.sa"
"683","SAU","2021-04-08",5750046,NA,NA,"https://coronamap.sa"
"684","SAU","2021-04-09",5982107,NA,NA,"https://coronamap.sa"
"685","SAU","2021-04-10",6122570,NA,NA,"https://coronamap.sa"
"686","SAU","2021-04-11",6281357,NA,NA,"https://coronamap.sa"
"687","SAU","2021-04-12",6401456,NA,NA,"https://coronamap.sa"
"688","SAU","2021-04-13",6499853,NA,NA,"https://coronamap.sa"
"689","SAU","2021-04-14",6582977,NA,NA,"https://coronamap.sa"
"690","SAU","2021-04-15",6690308,NA,NA,"https://coronamap.sa"
"691","SAU","2021-04-16",6800711,NA,NA,"https://coronamap.sa"
"692","SAU","2021-04-17",6958184,NA,NA,"https://coronamap.sa"
"693","SAU","2021-04-18",7136669,NA,NA,"https://coronamap.sa"
"694","SAU","2021-04-19",7303969,NA,NA,"https://coronamap.sa"
"695","SAU","2021-04-20",7413220,NA,NA,"https://coronamap.sa"
"696","SAU","2021-04-21",7611528,NA,NA,"https://coronamap.sa"
"697","SDN","2021-03-10",0,0,0,"https://www.voanews.com/covid-19-pandemic/sudan-launches-covid-vaccination-campaign"
"698","SDN","2021-04-05",43122,43122,0,"https://www.facebook.com/FMOH.SUDAN/posts/2867912120148414"
"699","SDN","2021-04-06",63837,63837,0,"https://www.facebook.com/FMOH.SUDAN/posts/2868714333401526"
"700","SDN","2021-04-10",100010,100010,0,"https://www.facebook.com/FMOH.SUDAN/posts/2871606859778940"
"701","SYR","2021-03-01",0,0,0,"https://www.aljazeera.com/news/2021/3/17/syria-launches-covid-vaccination-drive-amid-economic-challenges"
"702","SYR","2021-04-08",2500,2500,0,"http://www.xinhuanet.com/english/africa/2021-04/08/c_139867196.htm"
"703","TUN","2021-03-12",0,0,0,"https://www.africanews.com/2021/03/13/tunisia-begins-covid-vaccination-with-health-care-workers/"
"704","TUN","2021-03-13",743,743,0,"https://www.facebook.com/santetunisie.rns.tn/videos/488719478966036/?__cft__[0]=AZWirD1DpZBMk4DkCRwoOfvtbBuk6iyPB0iBEbcygfu4JeZk9qnrCGXtEVn0APnIuYV1IZpD1h4NUD0AC7ug1hN-qp2xk7GsplMHBRzXGg_Ykw1R8IYFtj3b7gavemd_-4XtrBtJvRPmXv05o2E8XBeMINMhd9XYrbSTD1CCxXNyfw&__tn__=%2CO%2CP-R"
"705","TUN","2021-03-14",2076,2076,0,"https://www.facebook.com/santetunisie.rns.tn/posts/3942942942411447?__cft__[0]=AZV_FkY-eW2k-YxqO4UJb8qWwSq57wbyBoVzK9rE0cojWCt1zbSWl9iYxd-da7i56u6bhqwvgGZzY8yW7nlNgIwLRDCI7ZmEsl_vkhHn2ZsStx79dj_fGkHHdK99lNGRmGek-BbvhBSz1S0gzksRH85k&__tn__=%2CO%2CP-R"
"706","TUN","2021-03-15",2555,2555,0,"https://www.facebook.com/186480324724413/posts/3947631718609236/"
"707","TUN","2021-03-19",6861,6861,0,"https://www.facebook.com/186480324724413/posts/3958312024207872/"
"708","TUN","2021-03-21",12496,12496,0,"https://www.facebook.com/186480324724413/posts/3963594130346328/"
"709","TUN","2021-03-22",18020,18020,0,"https://www.facebook.com/186480324724413/posts/3967440006628407/"
"710","TUN","2021-03-23",22040,22040,0,"https://www.facebook.com/186480324724413/posts/3971083486264059/"
"711","TUN","2021-03-25",32026,32026,0,"https://www.facebook.com/186480324724413/posts/3977019415670466/"
"712","TUN","2021-03-26",38853,38853,0,"https://www.facebook.com/186480324724413/posts/3980479405324467/"
"713","TUN","2021-03-27",44311,44311,0,"https://www.facebook.com/186480324724413/posts/3983827844989623/"
"714","TUN","2021-03-29",53089,53089,0,"https://www.facebook.com/186480324724413/posts/3991380950900979/"
"715","TUN","2021-04-02",70769,70769,0,"https://www.facebook.com/186480324724413/posts/4005171509521923/"
"716","TUN","2021-04-03",80140,80140,0,"https://www.facebook.com/186480324724413/posts/4008028735902867/"
"717","TUN","2021-04-04",88543,88543,0,"https://www.facebook.com/186480324724413/posts/4011079642264443/"
"718","TUN","2021-04-05",98057,98057,0,"https://www.facebook.com/186480324724413/posts/4013635495342191/"
"719","TUN","2021-04-06",104922,104922,0,"https://www.facebook.com/186480324724413/posts/4014362261936181/"
"720","TUN","2021-04-07",112254,108266,3988,"https://www.facebook.com/santetunisie.rns.tn/posts/4019587711413636?__cft__[0]=AZXYCuGX6XnNFAY8hw_Bx1MIDjN0Z12_TDMdsxBPyV2U0Ybn5dcvLb6KKT5BzUDkUWoTfoshnTA5eOzG4O5c4h8pFedwJ_qbP-f_ZDkn0mrnqgpGdl7pBGoIyvcsQF5lIrYM6-d55RJxmLucrFM8e9xI&__tn__=%2CO%2CP-R"
"721","TUN","2021-04-08",124779,119919,4860,"https://www.facebook.com/186480324724413/posts/4023443124361428/"
"722","TUN","2021-04-09",130374,125395,4979,"https://www.facebook.com/santetunisie.rns.tn/posts/4026210077418066"
"723","TUN","2021-04-10",150963,142932,8031,"https://www.facebook.com/santetunisie.rns.tn/posts/4029183710454036"
"724","TUN","2021-04-11",163010,154647,8363,"https://www.facebook.com/santetunisie.rns.tn/posts/4032491843456556"
"725","TUN","2021-04-12",174569,166093,8476,"https://www.facebook.com/santetunisie.rns.tn/posts/4035131186525955"
"726","TUN","2021-04-13",175439,166959,8480,"https://www.facebook.com/santetunisie.rns.tn/posts/4038685372837203"
"727","TUN","2021-04-14",183025,174534,8491,"https://www.facebook.com/santetunisie.rns.tn/posts/4041065069265900"
"728","TUN","2021-04-15",202421,191625,10796,"https://www.facebook.com/santetunisie.rns.tn/posts/4044200058952401"
"729","TUN","2021-04-18",258919,225900,33019,"https://www.facebook.com/santetunisie.rns.tn/posts/4052878308084576"
"730","TUN","2021-04-19",281359,239398,41961,"https://www.facebook.com/santetunisie.rns.tn/posts/4055960647776342"
"731","TUN","2021-04-20",300369,252672,47697,"https://www.facebook.com/santetunisie.rns.tn/posts/4058963130809427"
